ID,Vector Clock,Values
sensor (2),"0,0,49,0,0,0,0",28.73000;17.30000;27.51000;30.41000;27.04000;30.08000;29.42000
verifier (6),"0,0,0,0,58,0,0",
verifier (5),"0,0,0,58,0,0,0",
user (4),"0,0,0,0,0,58,0",
sensor (1),"49,0,0,0,0,0,0",-92.22000;23.63000;24.12000;26.19000;20.05000;28.50000;19.57000
sensor (3),"0,49,0,0,0,0,0",25.22000;22.43000;16.14000;19.10000;17.06000;20.89000;15.13000
