ID,Vector Clock,Values
sensor (2),"0,13,0",27.28000;20.21000;26.10000;15.22000;22.64000;19.62000;17.45000
verifier (1),"22,0,0",
