ID,Vector Clock,Values
sensor (1),"49,0,0,0,0,0,0",18.24000;17.32000;19.24000;23.07000;120.17000;28.29000;17.71000
sensor (2),"0,49,0,0,0,0,0",29.13000;26.77000;21.21000;24.52000;20.05000;20.00000;26.62000
verifier (5),"0,0,0,58,0,0,0",
user (4),"0,0,0,0,58,0,0",
sensor (3),"0,0,49,0,0,0,0",23.79000;20.66000;23.69000;15.21000;15.02000;26.62000;19.13000
verifier (6),"0,0,0,0,0,58,0",
