ID,Vector Clock,Values
user (4),"0,0,58,0,0,0,0",
sensor (1),"49,0,0,0,0,0,0",30.22000;18.47000;26.65000;28.13000;15.79000;23.86000;20.69000
verifier (5),"0,0,0,0,58,0,0",
sensor (2),"0,49,0,0,0,0,0",22.01000;21.25000;18.40000;26.86000;18.97000;29.46000;15.39000
verifier (6),"0,0,0,0,0,58,0",
sensor (3),"0,0,0,48,0,0,0",18.48000;28.97000;20.72000;119.61000;25.07000;19.18000;28.25000
